{
  "best_epoch": 20,
  "best_val_accuracy": 0.938125,
  "best_val_loss": 0.400639092028141,
  "class_names": [
    "glioma_tumor",
    "meningioma_tumor",
    "no_tumor",
    "pituitary_tumor"
  ],
  "checkpoint_path": "checkpoints\\model1\\brain_best_model_gpu_final.pt",
  "history_csv": "outputs\\training\\brain_mri_gpu_final\\brain_training_history.csv",
  "metrics": {
    "accuracy": 0.938125,
    "precision": 0.9400341130604288,
    "recall": 0.938125,
    "macro_f1": 0.9364253975846469,
    "per_class": {
      "glioma_tumor": {
        "precision": 0.9727272727272728,
        "recall": 0.8025,
        "f1": 0.8794520547945206
      },
      "meningioma_tumor": {
        "precision": 0.9114832535885168,
        "recall": 0.9525,
        "f1": 0.9315403422982885
      },
      "no_tumor": {
        "precision": 0.9259259259259259,
        "recall": 1.0,
        "f1": 0.9615384615384616
      },
      "pituitary_tumor": {
        "precision": 0.95,
        "recall": 0.9975,
        "f1": 0.973170731707317
      }
    },
    "confusion_matrix": [
      [
        321,
        36,
        30,
        13
      ],
      [
        9,
        381,
        2,
        8
      ],
      [
        0,
        0,
        400,
        0
      ],
      [
        0,
        1,
        0,
        399
      ]
    ]
  }
}