{
  "class_names": [
    "Atelectasis",
    "Cardiomegaly",
    "Effusion",
    "Infiltration",
    "Mass",
    "Nodule",
    "Pneumonia",
    "Pneumothorax",
    "Consolidation",
    "Edema",
    "Emphysema",
    "Fibrosis",
    "Pleural_Thickening",
    "Hernia"
  ],
  "thresholds": {
    "Atelectasis": 0.6100000143051147,
    "Cardiomegaly": 0.8600000143051147,
    "Effusion": 0.6600000262260437,
    "Infiltration": 0.5600000023841858,
    "Mass": 0.6600000262260437,
    "Nodule": 0.699999988079071,
    "Pneumonia": 0.7900000214576721,
    "Pneumothorax": 0.7599999904632568,
    "Consolidation": 0.7300000190734863,
    "Edema": 0.9100000262260437,
    "Emphysema": 0.6899999976158142,
    "Fibrosis": 0.7799999713897705,
    "Pleural_Thickening": 0.699999988079071,
    "Hernia": 0.9300000071525574
  }
}